{
    "hourglass_weights": [
        -0.3462239925648524,
        0.13725472471154482,
        -0.18144007312712881,
        -0.33508120959647386
    ],
    "weaver_weights": {
        "Clinical_Correctness": 0.12296209777813948,
        "Therapeutic_Tone": 0.11129386591449118,
        "Safety_Guard": 0.10072886559546965,
        "Clinical_Protocol": 0.251684610481196,
        "Dialogue_Logic": 0.41333056023070364
    },
    "global_ratio": [
        0.2792011158883,
        0.7207988841116999
    ]
}